{"mean": -14.181193351745605, "std": 17.379362106323242}